{"type":"PlanScript","uri":null,"category":null,"eTag":null,"created":null,"modified":null,"id":"062590e4-cf4c-46cb-9279-4f410fbe80dd","name":"DFO - Windows - ConfigureRemotingForAnsible (No Proxy)","description":"Script to run the PowerShell script to enable the server for Ansible control.","status":null,"state":null,"planType":"deploy","content":"# (c) Copyright 2017-2018 Hewlett Packard Enterprise Development LP\n#\n# Licensed under the Apache License, Version 2.0 (the \"License\");\n# you may not use this file except in compliance with the License.\n# You may obtain a copy of the License at #http://www.apache.org/licenses/LICENSE-2.0\n#\n# Unless required by applicable law or agreed to in writing, software distributed\n# under the License is distributed on an \"AS IS\" BASIS, WITHOUT WARRANTIES OR\n# CONDITIONS OF ANY KIND, either express or implied. See the License for the\n# specific language governing permissions and limitations under the License\n\n-mkdir-p /ISdeploy/Scripts\n-mkdir-p /ISdeploy/SetupComplete\n\nupload -<<END_POWERSHELL_SCRIPT /ISdeploy/Scripts/EnableAnsible.ps1\n\t\t\n$uri = \"https://raw.githubusercontent.com/ansible/ansible/devel/examples/scripts/ConfigureRemotingForAnsible.ps1\"\n$file = \"S:\\ISdeploy\\Scripts\\ConfigureRemotingForAnsible.ps1\"\n\nInvoke-WebRequest -Uri $uri -OutFile $file\n\t\t\npowershell.exe -ExecutionPolicy ByPass -File $file\n\t\t\nEND_POWERSHELL_SCRIPT\n\t\t\nupload -<<END_PS_EX_SETUP_COMPLETE /ISdeploy/SetupComplete/PowerShell-EnableAnsible.cmd\npowershell.exe -File S:\\ISdeploy\\Scripts\\EnableAnsible.ps1 >> C:\\SETUP.LOG 2>&1\nEND_PS_EX_SETUP_COMPLETE","customAttributes":null,"hpProvided":false,"dependentArtifacts":null}