{"type":"OeBuildPlan","uri":null,"category":null,"eTag":null,"created":null,"modified":null,"buildPlanid":"0f58f6fc-6198-4b70-9f09-2ef27b119d09","name":"HPE_RHEL7_2019_02_25","description":"Deploy Red Hat Enterprise Linux 7.","status":null,"hpProvided":false,"oeBuildPlanType":"deploy","buildStep":[{"planScriptUri":"/rest/plan-scripts/d4780051-df49-43a3-82ea-348f1d61f713","serialNumber":"1","parameters":null,"planScriptName":"RHEL-mount-and-validate-2017-12-12"},{"planScriptUri":"/rest/plan-scripts/bff63212-2e2e-4e41-a125-c4b17ce3a0d0","serialNumber":"2","parameters":null,"planScriptName":"RHEL-configure-users-2018-06-27"},{"planScriptUri":"/rest/plan-scripts/1455dfb5-662d-4c1d-a1cc-445cb6580348","serialNumber":"3","parameters":null,"planScriptName":"RHEL-configure-deployment-NIC-teaming-2017-12-12"},{"planScriptUri":"/rest/plan-scripts/27bfe3d7-abd7-40d2-9e32-c0c62b27aa2c","serialNumber":"4","parameters":null,"planScriptName":"RHEL-configure-management-NIC-teaming-2019-02-25"},{"planScriptUri":"/rest/plan-scripts/da01d0d7-e101-4427-9e29-61d7b67b6f58","serialNumber":"5","parameters":null,"planScriptName":"RHEL-manage-security-services-2017-12-12"},{"planScriptUri":"/rest/plan-scripts/ec01c75e-bb77-45c2-bb0b-902d61440dfe","serialNumber":"6","parameters":null,"planScriptName":"RHEL-unmount-2017-12-12"}],"customAttributes":[{"name":"NewUserPassword","description":"","value":"","constraints":"{\"maxlen\":\"20\"}","type":"password"},{"name":"SSH","description":"","value":"Enabled","constraints":"{\"options\":[\"Enabled\",\"Disabled\"]}","type":"option"},{"name":"NewRootPassword","description":"","value":"","constraints":"{\"maxlen\":\"20\"}","type":"password"},{"name":"NIC1","description":"","value":"","constraints":"{\"ipv4static\":true,\"ipv4dhcp\":false,\"ipv4disable\":false,\"parameters\":[\"dns1\",\"dns2\",\"domain\",\"gateway\",\"ipaddress\",\"mac\",\"netmask\",\"vlanid\"]}","type":"nic"},{"name":"NIC2","description":"","value":"","constraints":"{\"ipv4static\":true,\"ipv4dhcp\":false,\"ipv4disable\":false,\"parameters\":[\"mac\"]}","type":"nic"},{"name":"NewUser","description":"","value":"","constraints":"{}","type":"string"}],"dependentArtifacts":null}