{"type":"PlanScript","uri":null,"category":null,"eTag":null,"created":null,"modified":null,"id":"caa4cc9d-99cf-4988-9a22-17f7dd98c5b7","name":"HPE - Windows - Locale","description":"Sets the the UI language and input locale for the system and the user","status":null,"state":null,"planType":"deploy","content":"# (c) Copyright 2017-2018 Hewlett Packard Enterprise Development LP\n#\n# Licensed under the Apache License, Version 2.0 (the \"License\");\n# you may not use this file except in compliance with the License.\n# You may obtain a copy of the License at #http://www.apache.org/licenses/LICENSE-2.0\n#\n# Unless required by applicable law or agreed to in writing, software distributed\n# under the License is distributed on an \"AS IS\" BASIS, WITHOUT WARRANTIES OR\n# CONDITIONS OF ANY KIND, either express or implied. See the License for the\n# specific language governing permissions and limitations under the License.\n\n# Default Keyboard @KeyboardLayout:English (United States)@\n# Default Display Language @DisplayLanguage:English (United States)@\n\n# List of Keyboard Input Locales: https://technet.microsoft.com/en-us/library/hh825682.aspx\n# List of Language Packs: https://technet.microsoft.com/en-us/library/hh825678.aspx\n\nmkdir-p /ISdeploy/Temp\nupload -<<END_CREATE_LOCALE_XML /ISdeploy/Temp/CreateLocale.sh\n#!/bin/bash\n\nkeyboard=en-US\nif [ \"@KeyboardLayout@\" == \"Japanese\" ] ; then\n    keyboard=1041\nelif [ \"@KeyboardLayout@\" == \"United States - Dvorak\" ] ; then\n    keyboard=66569\nelif [ \"@KeyboardLayout@\" == \"Arabic (101)\" ] ; then\n    keyboard=1025\nelif [ \"@KeyboardLayout@\" == \"Chinese (Traditional) - US Keyboard\" ] ; then\n    keyboard=1028\nelif [ \"@KeyboardLayout@\" == \"Korean\" ] ; then\n    keyboard=1042\nelif [ \"@KeyboardLayout@\" == \"United Kingdom Extended\" ] ; then\n    keyboard=1106\nfi\n\necho \"<InputLocale>$keyboard</InputLocale>\" >> ./Locale.xml\n\ndisplay_language=en-US\nif [ \"@DisplayLanguage@\" == \"French (France)\" ] ; then\n    display_language=fr-FR\nelif [ \"@DisplayLanguage@\" == \"German (Germany)\" ] ; then\n    display_language=de-DE\nelif [ \"@DisplayLanguage@\" == \"Japanese (Japan)\" ] ; then\n    display_language=ja-JP\nelif [ \"@DisplayLanguage@\" == \"Arabic (Saudi Arabia)\" ] ; then\n    display_language=ar-SA\nelif [ \"@DisplayLanguage@\" == \"Chinese (PRC)\" ] ; then\n    display_language=zh-CN\nelif [ \"@DisplayLanguage@\" == \"Korean (Korea)\" ] ; then\n    display_language=ko-KR\nelif [ \"@DisplayLanguage@\" == \"Portuguese (Brazil)\" ] ; then\n    display_language=pt-BR\nelif [ \"@DisplayLanguage@\" == \"Russian (Russia)\" ] ; then\n    display_language=ru-RU\nfi\n\necho \"<SystemLocale>${display_language}</SystemLocale>\" >> ./Locale.xml\necho \"<UILanguage>${display_language}</UILanguage>\" >> ./Locale.xml\necho \"<UILanguageFallback>en-US</UILanguageFallback>\" >> ./Locale.xml\necho \"<UserLocale>${display_language}</UserLocale>\" >> ./Locale.xml\nEND_CREATE_LOCALE_XML\n\ndownload /ISdeploy/Temp/CreateLocale.sh ./CreateLocale.sh\n!source ./CreateLocale.sh\n\n-mkdir-p /ISdeploy/Unattend/oobeSystem/Microsoft-Windows-International-Core\nupload ./Locale.xml /ISdeploy/Unattend/oobeSystem/Microsoft-Windows-International-Core/Locale.xml","customAttributes":null,"hpProvided":true,"dependentArtifacts":null}