{"type":"OeBuildPlan","uri":null,"category":null,"eTag":null,"created":null,"modified":null,"buildPlanid":"dc3ba9e3-7c11-4dec-9ae9-7f1ac63b3e95","name":"HPE_Win2016_2019_02_25","description":"Personalize Windows 2016 image with dual management NICs","status":null,"hpProvided":false,"oeBuildPlanType":"deploy","buildStep":[{"planScriptUri":"/rest/plan-scripts/65299492-997b-4aad-9494-43e5db5bcab6","serialNumber":"1","parameters":null,"planScriptName":"HPE - Windows - Mount"},{"planScriptUri":"/rest/plan-scripts/e7f25ab5-6cb3-4e7b-9a42-d8308133cf12","serialNumber":"2","parameters":null,"planScriptName":"HPE - Windows - Initialize"},{"planScriptUri":"/rest/plan-scripts/caa4cc9d-99cf-4988-9a22-17f7dd98c5b7","serialNumber":"3","parameters":null,"planScriptName":"HPE - Windows - Locale"},{"planScriptUri":"/rest/plan-scripts/2b55c0d6-a1a4-45cf-9dde-9c3ee3d3a34e","serialNumber":"4","parameters":null,"planScriptName":"HPE - Windows - Product Key"},{"planScriptUri":"/rest/plan-scripts/507e8369-f57d-4e62-9f92-4158edb94dc5","serialNumber":"5","parameters":null,"planScriptName":"HPE - Windows - Network - HA Configuration 2019-02-25"},{"planScriptUri":"/rest/plan-scripts/0b7e29bb-6373-4c78-8687-2fb9b5523e90","serialNumber":"6","parameters":null,"planScriptName":"HPE - Windows - Power Plan"},{"planScriptUri":"/rest/plan-scripts/7c80718d-554b-4505-b7cc-00a1aa6f9bc1","serialNumber":"7","parameters":null,"planScriptName":"HPE - Windows - Remote Desktop"},{"planScriptUri":"/rest/plan-scripts/d941585d-7385-4774-afbe-730343383aeb","serialNumber":"8","parameters":null,"planScriptName":"HPE - Windows - Time Zone"},{"planScriptUri":"/rest/plan-scripts/f4022904-f8e1-4ecd-8d80-b82eece0fec5","serialNumber":"9","parameters":null,"planScriptName":"HPE - Windows - User - Administrator"},{"planScriptUri":"/rest/plan-scripts/062590e4-cf4c-46cb-9279-4f410fbe80dd","serialNumber":"10","parameters":null,"planScriptName":"DFO - Windows - ConfigureRemotingForAnsible (No Proxy)"},{"planScriptUri":"/rest/plan-scripts/71e098ff-c05c-468d-92d7-79726f202ba4","serialNumber":"11","parameters":null,"planScriptName":"HPE - Windows - Unattend - Save"},{"planScriptUri":"/rest/plan-scripts/b18a72ac-67a3-46e7-afef-08c023826362","serialNumber":"12","parameters":null,"planScriptName":"HPE - Windows - Unmount"}],"customAttributes":[{"name":"RemoteDesktop","description":"","value":"Disallow","constraints":"{\"options\":[\"Disallow\",\"Allow (Network Level Authentication)\",\"Allow\"]}","type":"option"},{"name":"DisplayLanguage","description":"","value":"English (United States)","constraints":"{\"options\":[\"English (United States)\",\"French (France)\",\"German (Germany)\",\"Japanese (Japan)\",\"Arabic (Saudi Arabia)\",\"Chinese (PRC)\",\"Korean (Korea)\",\"Portuguese (Brazil)\",\"Russian (Russia)\"]}","type":"option"},{"name":"TimeZone","description":"","value":"GMT Standard Time","constraints":"{\"options\":[\"GMT Standard Time\",\"Arabian Standard Time\",\"AUS Eastern Standard Time\",\"Central Standard Time\",\"China Standard Time\",\"Eastern Standard Time\",\"India Standard Time\",\"Mountain Standard Time\",\"Singapore Standard Time\",\"Tokyo Standard Time\"]}","type":"option"},{"name":"WindowsProductKey","description":"","value":"","constraints":"{}","type":"string"},{"name":"KeyboardLayout","description":"","value":"English (United States)","constraints":"{\"options\":[\"English (United States)\",\"Arabic (101)\",\"Chinese (Traditional) - US Keyboard\",\"Japanese\",\"Korean\",\"United Kingdom Extended\",\"United States - Dvorak\"]}","type":"option"},{"name":"NIC1","description":"","value":"","constraints":"{\"ipv4static\":true,\"ipv4dhcp\":false,\"ipv4disable\":false,\"parameters\":[\"dhcp\",\"dns1\",\"dns2\",\"domain\",\"gateway\",\"ipaddress\",\"mac\",\"netmask\",\"vlanid\"]}","type":"nic"},{"name":"NIC2","description":"","value":"","constraints":"{\"ipv4static\":true,\"ipv4dhcp\":false,\"ipv4disable\":false,\"parameters\":[\"mac\"]}","type":"nic"},{"name":"PowerPlan","description":"","value":"Balanced","constraints":"{\"options\":[\"Balanced\",\"High Performance\",\"Power Saver\"]}","type":"option"},{"name":"Password","description":"Administrator Password","value":"","constraints":"{\"maxlen\":\"20\"}","type":"password"}],"dependentArtifacts":null}