{"type":"OEDeploymentPlan","hpProvided":false,"uri":null,"category":null,"eTag":null,"created":null,"modified":null,"id":"e8d1bcd1-2bcf-4a9f-83a0-69fcaa127a9b","name":"HPE_WIN2016_2019_02_25","description":"Windows Server 2016 system with HA management NICs (Gen10 Compute Module)","status":null,"state":null,"goldenImageURI":null,"oeBuildPlanURI":"HPE_Win2016_2019_02_25","importMetadata":false,"customAttributes":[{"name":"KeyboardLayout","visible":false,"value":"English (United States)","description":"","type":"option","constraints":"{\"options\":[\"English (United States)\",\"Arabic (101)\",\"Chinese (Traditional) - US Keyboard\",\"Japanese\",\"Korean\",\"United Kingdom Extended\",\"United States - Dvorak\"]}","editable":true,"id":"d1c05779-e38c-4efe-affd-179d4a95b3a6"},{"name":"TimeZone","visible":false,"value":"GMT Standard Time","description":"","type":"option","constraints":"{\"options\":[\"GMT Standard Time\",\"Arabian Standard Time\",\"AUS Eastern Standard Time\",\"Central Standard Time\",\"China Standard Time\",\"Eastern Standard Time\",\"India Standard Time\",\"Mountain Standard Time\",\"Singapore Standard Time\",\"Tokyo Standard Time\"]}","editable":true,"id":"a41fe08e-014a-4c0e-858d-65bea8222cc1"},{"name":"WindowsProductKey","visible":false,"value":"69KC4-NMRPJ-HKHV9-DWH4X-KQCG4","description":"","type":"string","constraints":"{}","editable":true,"id":"dd00f4ab-9b5d-410a-b766-a64a21d3bf36"},{"name":"PowerPlan","visible":false,"value":"High Performance","description":"","type":"option","constraints":"{\"options\":[\"Balanced\",\"High Performance\",\"Power Saver\"]}","editable":true,"id":"24e37e68-2dc8-461d-a787-2ec8a0a436d5"},{"name":"NIC1","visible":true,"value":"","description":"","type":"nic","constraints":"{\"ipv4static\":true,\"ipv4dhcp\":false,\"ipv4disable\":false,\"parameters\":[\"dhcp\",\"dns1\",\"dns2\",\"domain\",\"gateway\",\"ipaddress\",\"mac\",\"netmask\",\"vlanid\"]}","editable":true,"id":"4037af76-f142-4649-9ef6-19a1f27940d4"},{"name":"DisplayLanguage","visible":false,"value":"English (United States)","description":"","type":"option","constraints":"{\"options\":[\"English (United States)\",\"French (France)\",\"German (Germany)\",\"Japanese (Japan)\",\"Arabic (Saudi Arabia)\",\"Chinese (PRC)\",\"Korean (Korea)\",\"Portuguese (Brazil)\",\"Russian (Russia)\"]}","editable":true,"id":"b85b43c7-e3ca-4374-b965-6e509f0cdd7a"},{"name":"NIC2","visible":true,"value":"","description":"","type":"nic","constraints":"{\"ipv4static\":true,\"ipv4dhcp\":false,\"ipv4disable\":false,\"parameters\":[\"mac\"]}","editable":true,"id":"02c183d9-8ca1-4911-84a5-04f7c78cdb85"},{"name":"Password","visible":false,"value":"Just4m3hp","description":"Administrator Password","type":"password","constraints":"{\"maxlen\":\"20\"}","editable":true,"id":"66155529-04ae-4a68-b31f-edcfe479285f"},{"name":"RemoteDesktop","visible":false,"value":"Allow","description":"","type":"option","constraints":"{\"options\":[\"Disallow\",\"Allow (Network Level Authentication)\",\"Allow\"]}","editable":true,"id":"be151d11-8d4b-45c5-8f14-83fce81472d5"}]}