{"type":"OEDeploymentPlan","hpProvided":false,"uri":null,"category":null,"eTag":null,"created":null,"modified":null,"id":"ff2faa92-0603-432e-b94c-6db5d5791f6d","name":"HPE_RHEL7_2019_02_25","description":"Deploys Red Hat Enterprise Linux 7 and configures the ansible network","status":null,"state":null,"goldenImageURI":null,"oeBuildPlanURI":"HPE_RHEL7_2019_02_25","importMetadata":false,"customAttributes":[{"name":"NewRootPassword","visible":false,"value":"Just4m3hp","description":"","type":"password","constraints":"{\"maxlen\":\"20\"}","editable":true,"id":"534f42eb-5bc0-46aa-8c64-c554996f618b"},{"name":"SSH","visible":false,"value":"Enabled","description":"","type":"option","constraints":"{\"options\":[\"Enabled\",\"Disabled\"]}","editable":true,"id":"ffd6e7e1-aac1-4973-a7c6-38293e00f333"},{"name":"NIC1","visible":true,"value":"","description":"","type":"nic","constraints":"{\"ipv4static\":true,\"ipv4dhcp\":false,\"ipv4disable\":false,\"parameters\":[\"dns1\",\"dns2\",\"domain\",\"gateway\",\"ipaddress\",\"mac\",\"netmask\",\"vlanid\"]}","editable":true,"id":"1803ce52-069f-4f8c-8c79-25e0de4e0812"},{"name":"NewUser","visible":false,"value":"chris","description":"","type":"string","constraints":"{}","editable":true,"id":"bd369aff-388b-4736-8d85-0df0b5dee2a1"},{"name":"NewUserPassword","visible":false,"value":"Just4m3hp","description":"","type":"password","constraints":"{\"maxlen\":\"20\"}","editable":true,"id":"da7f6f9f-023b-48ed-8ddd-51aaed00d41c"},{"name":"NIC2","visible":true,"value":"","description":"","type":"nic","constraints":"{\"ipv4static\":true,\"ipv4dhcp\":false,\"ipv4disable\":false,\"parameters\":[\"mac\"]}","editable":true,"id":"bd124ff0-6fe9-466b-9f9e-bd0a9e140574"}]}